amen_id,appeal,category,common,description,home_id,id,img_url,included,name
11,9,Hip,1,Mason jar filled w/ dill,103,56,https://s3-us-west-2.amazonaws.com/amenities-photos/amenities+icons/jar.png,0,Pickle jar
11,9,Hip,1,Mason jar filled w/ dill,103,56,https://s3-us-west-2.amazonaws.com/amenities-photos/amenities+icons/jar.png,0,Pickle jar
11,9,Hip,1,Mason jar filled w/ dill,103,56,https://s3-us-west-2.amazonaws.com/amenities-photos/amenities+icons/jar.png,0,Pickle jar
11,9,Hip,1,Mason jar filled w/ dill,103,56,https://s3-us-west-2.amazonaws.com/amenities-photos/amenities+icons/jar.png,0,Pickle jar
11,9,Hip,1,Mason jar filled w/ dill,103,56,https://s3-us-west-2.amazonaws.com/amenities-photos/amenities+icons/jar.png,0,Pickle jar
11,9,Hip,1,Mason jar filled w/ dill,103,56,https://s3-us-west-2.amazonaws.com/amenities-photos/amenities+icons/jar.png,0,Pickle jar
11,9,Hip,1,Mason jar filled w/ dill,103,56,https://s3-us-west-2.amazonaws.com/amenities-photos/amenities+icons/jar.png,0,Pickle jar
11,9,Hip,1,Mason jar filled w/ dill,103,56,https://s3-us-west-2.amazonaws.com/amenities-photos/amenities+icons/jar.png,0,Pickle jar
11,9,Hip,1,Mason jar filled w/ dill,103,56,https://s3-us-west-2.amazonaws.com/amenities-photos/amenities+icons/jar.png,0,Pickle jar
11,9,Hip,1,Mason jar filled w/ dill,103,56,https://s3-us-west-2.amazonaws.com/amenities-photos/amenities+icons/jar.png,0,Pickle jar
11,9,Hip,1,Mason jar filled w/ dill,103,56,https://s3-us-west-2.amazonaws.com/amenities-photos/amenities+icons/jar.png,0,Pickle jar
11,9,Hip,1,Mason jar filled w/ dill,103,56,https://s3-us-west-2.amazonaws.com/amenities-photos/amenities+icons/jar.png,0,Pickle jar
11,9,Hip,1,Mason jar filled w/ dill,103,56,https://s3-us-west-2.amazonaws.com/amenities-photos/amenities+icons/jar.png,0,Pickle jar
11,9,Hip,1,Mason jar filled w/ dill,103,56,https://s3-us-west-2.amazonaws.com/amenities-photos/amenities+icons/jar.png,0,Pickle jar
11,9,Hip,1,Mason jar filled w/ dill,103,56,https://s3-us-west-2.amazonaws.com/amenities-photos/amenities+icons/jar.png,0,Pickle jar
11,9,Hip,1,Mason jar filled w/ dill,103,56,https://s3-us-west-2.amazonaws.com/amenities-photos/amenities+icons/jar.png,0,Pickle jar
11,9,Hip,1,Mason jar filled w/ dill,103,56,https://s3-us-west-2.amazonaws.com/amenities-photos/amenities+icons/jar.png,0,Pickle jar
11,9,Hip,1,Mason jar filled w/ dill,103,56,https://s3-us-west-2.amazonaws.com/amenities-photos/amenities+icons/jar.png,0,Pickle jar
11,9,Hip,1,Mason jar filled w/ dill,103,56,https://s3-us-west-2.amazonaws.com/amenities-photos/amenities+icons/jar.png,0,Pickle jar
11,9,Hip,1,Mason jar filled w/ dill,103,56,https://s3-us-west-2.amazonaws.com/amenities-photos/amenities+icons/jar.png,0,Pickle jar
11,9,Hip,1,Mason jar filled w/ dill,103,56,https://s3-us-west-2.amazonaws.com/amenities-photos/amenities+icons/jar.png,0,Pickle jar
11,9,Hip,1,Mason jar filled w/ dill,103,56,https://s3-us-west-2.amazonaws.com/amenities-photos/amenities+icons/jar.png,0,Pickle jar
11,9,Hip,1,Mason jar filled w/ dill,103,56,https://s3-us-west-2.amazonaws.com/amenities-photos/amenities+icons/jar.png,0,Pickle jar
11,9,Hip,1,Mason jar filled w/ dill,103,56,https://s3-us-west-2.amazonaws.com/amenities-photos/amenities+icons/jar.png,0,Pickle jar
11,9,Hip,1,Mason jar filled w/ dill,103,56,https://s3-us-west-2.amazonaws.com/amenities-photos/amenities+icons/jar.png,0,Pickle jar
11,9,Hip,1,Mason jar filled w/ dill,103,56,https://s3-us-west-2.amazonaws.com/amenities-photos/amenities+icons/jar.png,0,Pickle jar
11,9,Hip,1,Mason jar filled w/ dill,103,56,https://s3-us-west-2.amazonaws.com/amenities-photos/amenities+icons/jar.png,0,Pickle jar
11,9,Hip,1,Mason jar filled w/ dill,103,56,https://s3-us-west-2.amazonaws.com/amenities-photos/amenities+icons/jar.png,0,Pickle jar
11,9,Hip,1,Mason jar filled w/ dill,103,56,https://s3-us-west-2.amazonaws.com/amenities-photos/amenities+icons/jar.png,0,Pickle jar
11,9,Hip,1,Mason jar filled w/ dill,103,56,https://s3-us-west-2.amazonaws.com/amenities-photos/amenities+icons/jar.png,0,Pickle jar
11,9,Hip,1,Mason jar filled w/ dill,103,56,https://s3-us-west-2.amazonaws.com/amenities-photos/amenities+icons/jar.png,0,Pickle jar
11,9,Hip,1,Mason jar filled w/ dill,103,56,https://s3-us-west-2.amazonaws.com/amenities-photos/amenities+icons/jar.png,0,Pickle jar
11,9,Hip,1,Mason jar filled w/ dill,103,56,https://s3-us-west-2.amazonaws.com/amenities-photos/amenities+icons/jar.png,0,Pickle jar
11,9,Hip,1,Mason jar filled w/ dill,103,56,https://s3-us-west-2.amazonaws.com/amenities-photos/amenities+icons/jar.png,0,Pickle jar
11,9,Hip,1,Mason jar filled w/ dill,103,56,https://s3-us-west-2.amazonaws.com/amenities-photos/amenities+icons/jar.png,0,Pickle jar
11,9,Hip,1,Mason jar filled w/ dill,103,56,https://s3-us-west-2.amazonaws.com/amenities-photos/amenities+icons/jar.png,0,Pickle jar
11,9,Hip,1,Mason jar filled w/ dill,103,56,https://s3-us-west-2.amazonaws.com/amenities-photos/amenities+icons/jar.png,0,Pickle jar
11,9,Hip,1,Mason jar filled w/ dill,103,56,https://s3-us-west-2.amazonaws.com/amenities-photos/amenities+icons/jar.png,0,Pickle jar
11,9,Hip,1,Mason jar filled w/ dill,103,56,https://s3-us-west-2.amazonaws.com/amenities-photos/amenities+icons/jar.png,0,Pickle jar
11,9,Hip,1,Mason jar filled w/ dill,103,56,https://s3-us-west-2.amazonaws.com/amenities-photos/amenities+icons/jar.png,0,Pickle jar
11,9,Hip,1,Mason jar filled w/ dill,103,56,https://s3-us-west-2.amazonaws.com/amenities-photos/amenities+icons/jar.png,0,Pickle jar
11,9,Hip,1,Mason jar filled w/ dill,103,56,https://s3-us-west-2.amazonaws.com/amenities-photos/amenities+icons/jar.png,0,Pickle jar
11,9,Hip,1,Mason jar filled w/ dill,103,56,https://s3-us-west-2.amazonaws.com/amenities-photos/amenities+icons/jar.png,0,Pickle jar
11,9,Hip,1,Mason jar filled w/ dill,103,56,https://s3-us-west-2.amazonaws.com/amenities-photos/amenities+icons/jar.png,0,Pickle jar
11,9,Hip,1,Mason jar filled w/ dill,103,56,https://s3-us-west-2.amazonaws.com/amenities-photos/amenities+icons/jar.png,0,Pickle jar
11,9,Hip,1,Mason jar filled w/ dill,103,56,https://s3-us-west-2.amazonaws.com/amenities-photos/amenities+icons/jar.png,0,Pickle jar
11,9,Hip,1,Mason jar filled w/ dill,103,56,https://s3-us-west-2.amazonaws.com/amenities-photos/amenities+icons/jar.png,0,Pickle jar
11,9,Hip,1,Mason jar filled w/ dill,103,56,https://s3-us-west-2.amazonaws.com/amenities-photos/amenities+icons/jar.png,0,Pickle jar
11,9,Hip,1,Mason jar filled w/ dill,103,56,https://s3-us-west-2.amazonaws.com/amenities-photos/amenities+icons/jar.png,0,Pickle jar
11,9,Hip,1,Mason jar filled w/ dill,103,56,https://s3-us-west-2.amazonaws.com/amenities-photos/amenities+icons/jar.png,0,Pickle jar
11,9,Hip,1,Mason jar filled w/ dill,103,56,https://s3-us-west-2.amazonaws.com/amenities-photos/amenities+icons/jar.png,0,Pickle jar
11,9,Hip,1,Mason jar filled w/ dill,103,56,https://s3-us-west-2.amazonaws.com/amenities-photos/amenities+icons/jar.png,0,Pickle jar
11,9,Hip,1,Mason jar filled w/ dill,103,56,https://s3-us-west-2.amazonaws.com/amenities-photos/amenities+icons/jar.png,0,Pickle jar
11,9,Hip,1,Mason jar filled w/ dill,103,56,https://s3-us-west-2.amazonaws.com/amenities-photos/amenities+icons/jar.png,0,Pickle jar
11,9,Hip,1,Mason jar filled w/ dill,103,56,https://s3-us-west-2.amazonaws.com/amenities-photos/amenities+icons/jar.png,0,Pickle jar
11,9,Hip,1,Mason jar filled w/ dill,103,56,https://s3-us-west-2.amazonaws.com/amenities-photos/amenities+icons/jar.png,0,Pickle jar
11,9,Hip,1,Mason jar filled w/ dill,103,56,https://s3-us-west-2.amazonaws.com/amenities-photos/amenities+icons/jar.png,0,Pickle jar
11,9,Hip,1,Mason jar filled w/ dill,103,56,https://s3-us-west-2.amazonaws.com/amenities-photos/amenities+icons/jar.png,0,Pickle jar
11,9,Hip,1,Mason jar filled w/ dill,103,56,https://s3-us-west-2.amazonaws.com/amenities-photos/amenities+icons/jar.png,0,Pickle jar
11,9,Hip,1,Mason jar filled w/ dill,103,56,https://s3-us-west-2.amazonaws.com/amenities-photos/amenities+icons/jar.png,0,Pickle jar
11,9,Hip,1,Mason jar filled w/ dill,103,56,https://s3-us-west-2.amazonaws.com/amenities-photos/amenities+icons/jar.png,0,Pickle jar
11,9,Hip,1,Mason jar filled w/ dill,103,56,https://s3-us-west-2.amazonaws.com/amenities-photos/amenities+icons/jar.png,0,Pickle jar
11,9,Hip,1,Mason jar filled w/ dill,103,56,https://s3-us-west-2.amazonaws.com/amenities-photos/amenities+icons/jar.png,0,Pickle jar
11,9,Hip,1,Mason jar filled w/ dill,103,56,https://s3-us-west-2.amazonaws.com/amenities-photos/amenities+icons/jar.png,0,Pickle jar
11,9,Hip,1,Mason jar filled w/ dill,103,56,https://s3-us-west-2.amazonaws.com/amenities-photos/amenities+icons/jar.png,0,Pickle jar
11,9,Hip,1,Mason jar filled w/ dill,103,56,https://s3-us-west-2.amazonaws.com/amenities-photos/amenities+icons/jar.png,0,Pickle jar
11,9,Hip,1,Mason jar filled w/ dill,103,56,https://s3-us-west-2.amazonaws.com/amenities-photos/amenities+icons/jar.png,0,Pickle jar
11,9,Hip,1,Mason jar filled w/ dill,103,56,https://s3-us-west-2.amazonaws.com/amenities-photos/amenities+icons/jar.png,0,Pickle jar
11,9,Hip,1,Mason jar filled w/ dill,103,56,https://s3-us-west-2.amazonaws.com/amenities-photos/amenities+icons/jar.png,0,Pickle jar
11,9,Hip,1,Mason jar filled w/ dill,103,56,https://s3-us-west-2.amazonaws.com/amenities-photos/amenities+icons/jar.png,0,Pickle jar
11,9,Hip,1,Mason jar filled w/ dill,103,56,https://s3-us-west-2.amazonaws.com/amenities-photos/amenities+icons/jar.png,0,Pickle jar
11,9,Hip,1,Mason jar filled w/ dill,103,56,https://s3-us-west-2.amazonaws.com/amenities-photos/amenities+icons/jar.png,0,Pickle jar
11,9,Hip,1,Mason jar filled w/ dill,103,56,https://s3-us-west-2.amazonaws.com/amenities-photos/amenities+icons/jar.png,0,Pickle jar
11,9,Hip,1,Mason jar filled w/ dill,103,56,https://s3-us-west-2.amazonaws.com/amenities-photos/amenities+icons/jar.png,0,Pickle jar
11,9,Hip,1,Mason jar filled w/ dill,103,56,https://s3-us-west-2.amazonaws.com/amenities-photos/amenities+icons/jar.png,0,Pickle jar
11,9,Hip,1,Mason jar filled w/ dill,103,56,https://s3-us-west-2.amazonaws.com/amenities-photos/amenities+icons/jar.png,0,Pickle jar
11,9,Hip,1,Mason jar filled w/ dill,103,56,https://s3-us-west-2.amazonaws.com/amenities-photos/amenities+icons/jar.png,0,Pickle jar
11,9,Hip,1,Mason jar filled w/ dill,103,56,https://s3-us-west-2.amazonaws.com/amenities-photos/amenities+icons/jar.png,0,Pickle jar
11,9,Hip,1,Mason jar filled w/ dill,103,56,https://s3-us-west-2.amazonaws.com/amenities-photos/amenities+icons/jar.png,0,Pickle jar
11,9,Hip,1,Mason jar filled w/ dill,103,56,https://s3-us-west-2.amazonaws.com/amenities-photos/amenities+icons/jar.png,0,Pickle jar
11,9,Hip,1,Mason jar filled w/ dill,103,56,https://s3-us-west-2.amazonaws.com/amenities-photos/amenities+icons/jar.png,0,Pickle jar
11,9,Hip,1,Mason jar filled w/ dill,103,56,https://s3-us-west-2.amazonaws.com/amenities-photos/amenities+icons/jar.png,0,Pickle jar
11,9,Hip,1,Mason jar filled w/ dill,103,56,https://s3-us-west-2.amazonaws.com/amenities-photos/amenities+icons/jar.png,0,Pickle jar
11,9,Hip,1,Mason jar filled w/ dill,103,56,https://s3-us-west-2.amazonaws.com/amenities-photos/amenities+icons/jar.png,0,Pickle jar
11,9,Hip,1,Mason jar filled w/ dill,103,56,https://s3-us-west-2.amazonaws.com/amenities-photos/amenities+icons/jar.png,0,Pickle jar
11,9,Hip,1,Mason jar filled w/ dill,103,56,https://s3-us-west-2.amazonaws.com/amenities-photos/amenities+icons/jar.png,0,Pickle jar
11,9,Hip,1,Mason jar filled w/ dill,103,56,https://s3-us-west-2.amazonaws.com/amenities-photos/amenities+icons/jar.png,0,Pickle jar
11,9,Hip,1,Mason jar filled w/ dill,103,56,https://s3-us-west-2.amazonaws.com/amenities-photos/amenities+icons/jar.png,0,Pickle jar
11,9,Hip,1,Mason jar filled w/ dill,103,56,https://s3-us-west-2.amazonaws.com/amenities-photos/amenities+icons/jar.png,0,Pickle jar
11,9,Hip,1,Mason jar filled w/ dill,103,56,https://s3-us-west-2.amazonaws.com/amenities-photos/amenities+icons/jar.png,0,Pickle jar
11,9,Hip,1,Mason jar filled w/ dill,103,56,https://s3-us-west-2.amazonaws.com/amenities-photos/amenities+icons/jar.png,0,Pickle jar
11,9,Hip,1,Mason jar filled w/ dill,103,56,https://s3-us-west-2.amazonaws.com/amenities-photos/amenities+icons/jar.png,0,Pickle jar
11,9,Hip,1,Mason jar filled w/ dill,103,56,https://s3-us-west-2.amazonaws.com/amenities-photos/amenities+icons/jar.png,0,Pickle jar
11,9,Hip,1,Mason jar filled w/ dill,103,56,https://s3-us-west-2.amazonaws.com/amenities-photos/amenities+icons/jar.png,0,Pickle jar
11,9,Hip,1,Mason jar filled w/ dill,103,56,https://s3-us-west-2.amazonaws.com/amenities-photos/amenities+icons/jar.png,0,Pickle jar
11,9,Hip,1,Mason jar filled w/ dill,103,56,https://s3-us-west-2.amazonaws.com/amenities-photos/amenities+icons/jar.png,0,Pickle jar
11,9,Hip,1,Mason jar filled w/ dill,103,56,https://s3-us-west-2.amazonaws.com/amenities-photos/amenities+icons/jar.png,0,Pickle jar
11,9,Hip,1,Mason jar filled w/ dill,103,56,https://s3-us-west-2.amazonaws.com/amenities-photos/amenities+icons/jar.png,0,Pickle jar
11,9,Hip,1,Mason jar filled w/ dill,103,56,https://s3-us-west-2.amazonaws.com/amenities-photos/amenities+icons/jar.png,0,Pickle jar
11,9,Hip,1,Mason jar filled w/ dill,103,56,https://s3-us-west-2.amazonaws.com/amenities-photos/amenities+icons/jar.png,0,Pickle jar
